EPOCH,INCLINATION,ECCENTRICITY,BSTAR,TLE_LINE1,TLE_LINE2
2026-04-13T21:59:49.143264,97.6159,0.00190200,0.00051949000000,1 64157U 25112M   26103.91654101  .00006794  00000-0  51949-3 0  9990,2 64157  97.6159 156.2004 0019020 129.5599 230.7310 15.02096416 48600
2026-04-13T21:59:49.143264,97.6159,0.00190204,0.00051949365000,1 64157U 25112M   26103.91654101  .00006794  00000-0  51949-3 0  9990,2 64157  97.6159 156.2004 0019020 129.5599 230.7310 15.02096416 48600
2026-04-13T02:48:42.172992,97.6163,0.00190521,0.00070605940000,1 64157U 25112M   26103.11715478  .00009255  00000-0  70606-3 0  9993,2 64157  97.6163 155.4155 0019052 131.8392 228.4463 15.02083553 48482
2026-04-13T02:48:42.172128,97.6163,0.00190520,0.00070606000000,1 64157U 25112M   26103.11715477  .00009255  00000-0  70606-3 0  9992,2 64157  97.6163 155.4155 0019052 131.8392 228.4463 15.02083553 48482
2026-04-12T17:13:08.479200,97.6166,0.00190960,0.00069786000000,1 64157U 25112M   26102.71745925  .00009144  00000-0  69786-3 0  9992,2 64157  97.6166 155.0231 0019096 133.0392 227.2436 15.02072889 48429
2026-04-12T17:13:08.479200,97.6166,0.00190955,0.00069785846000,1 64157U 25112M   26102.71745925  .00009144  00000-0  69786-3 0  9992,2 64157  97.6166 155.0231 0019096 133.0392 227.2436 15.02072889 48429
2026-04-12T10:49:25.868640,97.6160,0.00190700,0.00064531000000,1 64157U 25112M   26102.45099385  .00008449  00000-0  64531-3 0  9995,2 64157  97.6160 154.7613 0019070 133.7751 226.5055 15.02066645 48388
2026-04-12T02:49:47.449056,97.6162,0.00190780,0.00086768000000,1 64157U 25112M   26102.11791029  .00011384  00000-0  86768-3 0  9990,2 64157  97.6162 154.4343 0019078 134.7701 225.5079 15.02061674 48338
2026-04-12T02:49:47.449056,97.6162,0.00190780,0.00086767670000,1 64157U 25112M   26102.11791029  .00011384  00000-0  86768-3 0  9990,2 64157  97.6162 154.4343 0019078 134.7701 225.5079 15.02061674 48338
2026-04-11T20:26:04.661376,97.6167,0.00191350,0.00090329000000,1 64157U 25112M   26101.85144284  .00011852  00000-0  90329-3 0  9993,2 64157  97.6167 154.1727 0019135 135.4576 224.8191 15.02053426 48296
2026-04-11T20:26:04.661376,97.6167,0.00191350,0.00090329144000,1 64157U 25112M   26101.85144284  .00011852  00000-0  90329-3 0  9993,2 64157  97.6167 154.1727 0019135 135.4576 224.8191 15.02053426 48296
2026-04-11T09:14:34.463040,97.6169,0.00191300,0.00089644000000,1 64157U 25112M   26101.38512110  .00011757  00000-0  89644-3 0  9990,2 64157  97.6169 153.7147 0019130 136.8559 223.4169 15.02037505 48223
2026-04-11T02:50:51.283104,97.6171,0.00191789,0.00099927008000,1 64157U 25112M   26101.11864911  .00013113  00000-0  99927-3 0  9993,2 64157  97.6171 153.4531 0019179 137.5928 222.6783 15.02030714 48184
2026-04-11T01:14:55.480128,97.6169,0.00191800,0.00102240000000,1 64157U 25112M   26101.05203102  .00013417  00000-0  10224-2 0  9994,2 64157  97.6169 153.3876 0019180 137.7874 222.4831 15.02028457 48178
2026-04-10T20:27:08.033184,97.6171,0.00192190,0.00129721070000,1 64157U 25112M   26100.85217631  .00017047  00000-0  12972-2 0  9998,2 64157  97.6171 153.1914 0019219 138.2366 222.0330 15.02024176 48148
2026-04-10T09:15:36.931104,97.6172,0.00192300,0.00121730000000,1 64157U 25112M   26100.38584411  .00015983  00000-0  12173-2 0  9999,2 64157  97.6172 152.7333 0019230 139.6532 220.6124 15.02005099 48072
2026-04-10T01:15:57.327840,97.6171,0.00192745,0.00106921380000,1 64157U 25112M   26100.05274685  .00014022  00000-0  10692-2 0  9999,2 64157  97.6171 152.4062 0019275 140.4560 219.8075 15.01990155 48022
2026-04-10T01:15:57.326976,97.6171,0.00192750,0.00106920000000,1 64157U 25112M   26100.05274684  .00014022  00000-0  10692-2 0  9998,2 64157  97.6171 152.4062 0019275 140.4560 219.8075 15.01990154 48021
2026-04-09T09:16:37.260768,97.6172,0.00192586,0.00113091600000,1 64157U 25112M   26099.38654237  .00014827  00000-0  11309-2 0  9996,2 64157  97.6172 151.7519 0019259 142.4873 217.7700 15.01966420 47921
2026-04-09T02:52:52.970592,97.6170,0.00192605,0.00103511470000,1 64157U 25112M   26099.12005753  .00013560  00000-0  10351-2 0  9990,2 64157  97.6170 151.4902 0019260 143.2518 217.0031 15.01955730 47886
2026-04-09T02:52:52.969728,97.6170,0.00192600,0.00103510000000,1 64157U 25112M   26099.12005752  .00013560  00000-0  10351-2 0  9999,2 64157  97.6170 151.4902 0019260 143.2518 217.0031 15.01955730 47886
2026-04-08T20:29:08.541312,97.6172,0.00192485,0.00109415200000,1 64157U 25112M   26098.85357108  .00014334  00000-0  10942-2 0  9999,2 64157  97.6172 151.2285 0019248 144.0467 216.2057 15.01946118 47843
2026-04-08T09:17:35.426976,97.6172,0.00192419,0.00125706780000,1 64157U 25112M   26098.38721559  .00016475  00000-0  12571-2 0  9990,2 64157  97.6172 150.7705 0019242 145.4180 214.8301 15.01929760 47777
2026-04-07T20:30:05.562720,97.6174,0.00192619,0.00129435410000,1 64157U 25112M   26097.85423105  .00016957  00000-0  12944-2 0  9996,2 64157  97.6174 150.2471 0019262 146.9253 213.3180 15.01908389 47697
2026-04-07T20:30:05.561856,97.6174,0.00192620,0.00129440000000,1 64157U 25112M   26097.85423104  .00016957  00000-0  12944-2 0  9995,2 64157  97.6174 150.2471 0019262 146.9253 213.3180 15.01908389 47697
2026-04-07T02:54:45.859104,97.6178,0.00192750,0.00167300000000,1 64157U 25112M   26097.12136411  .00021937  00000-0  16730-2 0  9998,2 64157  97.6178 149.5276 0019275 149.0736 211.1628 15.01883400 47586
2026-04-07T02:54:45.859104,97.6178,0.00192746,0.00167303710000,1 64157U 25112M   26097.12136411  .00021937  00000-0  16730-2 0  9998,2 64157  97.6178 149.5276 0019275 149.0736 211.1628 15.01883400 47586
2026-04-06T20:31:00.262560,97.6179,0.00193048,0.00164666890000,1 64157U 25112M   26096.85486415  .00021581  00000-0  16467-2 0  9991,2 64157  97.6179 149.2659 0019305 149.8316 210.4025 15.01868346 47546
2026-04-06T02:55:38.742816,97.6183,0.00193158,0.00186631490000,1 64157U 25112M   26096.12197619  .00024457  00000-0  18663-2 0  9991,2 64157  97.6183 148.5461 0019316 151.8529 208.3744 15.01836148 47432
2026-04-05T17:19:59.148768,97.6185,0.00193599,0.00180218080000,1 64157U 25112M   26095.72221237  .00023598  00000-0  18022-2 0  9994,2 64157  97.6185 148.1533 0019360 153.0457 207.1777 15.01814357 47377
2026-04-05T17:19:59.147904,97.6185,0.00193600,0.00180220000000,1 64157U 25112M   26095.72221236  .00023598  00000-0  18022-2 0  9993,2 64157  97.6185 148.1533 0019360 153.0457 207.1777 15.01814357 47377
2026-04-05T14:08:05.818272,97.6187,0.00193526,0.00177238270000,1 64157U 25112M   26095.58895623  .00023202  00000-0  17724-2 0  9994,2 64157  97.6187 148.0223 0019353 153.3486 206.8737 15.01808173 47350
2026-04-05T09:20:15.736992,97.6188,0.00193450,0.00198020000000,1 64157U 25112M   26095.38907103  .00025933  00000-0  19802-2 0  9991,2 64157  97.6188 147.8260 0019345 153.9270 206.2933 15.01799245 47325
2026-04-05T02:56:28.824576,97.6188,0.00193353,0.00191867120000,1 64157U 25112M   26095.12255584  .00025112  00000-0  19187-2 0  9997,2 64157  97.6188 147.5643 0019335 154.7362 205.4813 15.01783825 47287
2026-04-04T20:32:41.664192,97.6190,0.00193470,0.00186780000000,1 64157U 25112M   26094.85603778  .00024432  00000-0  18678-2 0  9996,2 64157  97.6190 147.3026 0019347 155.4975 204.7173 15.01767069 47243
2026-04-04T20:32:41.664192,97.6190,0.00193473,0.00186783420000,1 64157U 25112M   26094.85603778  .00024432  00000-0  18678-2 0  9996,2 64157  97.6190 147.3026 0019347 155.4975 204.7173 15.01767069 47243
2026-04-04T14:08:54.322368,97.6192,0.00193672,0.00223530540000,1 64157U 25112M   26094.58951762  .00029259  00000-0  22353-2 0  9992,2 64157  97.6192 147.0407 0019367 156.2192 203.9932 15.01752012 47209
2026-04-04T06:09:09.743328,97.6194,0.00193448,0.00302712150000,1 64157U 25112M   26094.25636277  .00039680  00000-0  30271-2 0  9994,2 64157  97.6194 146.7136 0019345 157.2483 202.9604 15.01731672 47154
2026-04-03T22:09:24.685632,97.6195,0.00193459,0.00321089480000,1 64157U 25112M   26093.92320238  .00042076  00000-0  32109-2 0  9999,2 64157  97.6195 146.3864 0019346 158.1927 202.0125 15.01704437 47106
2026-04-03T20:33:27.608256,97.6196,0.00193450,0.00307970000000,1 64157U 25112M   26093.85656954  .00040338  00000-0  30797-2 0  9998,2 64157  97.6196 146.3210 0019345 158.3961 201.8084 15.01697683 47094
2026-04-03T14:09:39.062880,97.6198,0.00193711,0.00275072200000,1 64157U 25112M   26093.59003545  .00035979  00000-0  27507-2 0  9991,2 64157  97.6198 146.0592 0019371 159.1343 201.0676 15.01673704 47051
2026-04-03T12:33:41.874912,97.6198,0.00193820,0.00277490000000,1 64157U 25112M   26093.52340133  .00036292  00000-0  27749-2 0  9998,2 64157  97.6198 145.9938 0019382 159.3271 200.8741 15.01667832 47041
2026-04-03T06:09:52.908768,97.6200,0.00193721,0.00309377290000,1 64157U 25112M   26093.25686237  .00040469  00000-0  30938-2 0  9991,2 64157  97.6200 145.7320 0019372 160.0968 200.1016 15.01646764 47004
2026-04-02T22:10:06.179232,97.6200,0.00193629,0.00332723990000,1 64157U 25112M   26092.92368263  .00043513  00000-0  33272-2 0  9997,2 64157  97.6200 145.4051 0019363 161.1312 199.0635 15.01618092 46956
2026-04-02T20:34:08.799456,97.6201,0.00193720,0.00319180000000,1 64157U 25112M   26092.85704629  .00041720  00000-0  31918-2 0  9992,2 64157  97.6201 145.3396 0019372 161.3174 198.8766 15.01609896 46949
2026-04-02T15:46:16.413888,97.6202,0.00193895,0.00218857090000,1 64157U 25112M   26092.65713442  .00028517  00000-0  21886-2 0  9995,2 64157  97.6202 145.1432 0019390 161.9654 198.2262 15.01584123 46915
2026-04-02T07:46:28.636320,97.6204,0.00193564,0.00230148670000,1 64157U 25112M   26092.32394255  .00029977  00000-0  23015-2 0  9993,2 64157  97.6204 144.8160 0019356 162.9961 197.1917 15.01559003 46863
2026-04-02T04:34:33.360096,97.6205,0.00193370,0.00221870000000,1 64157U 25112M   26092.19066389  .00028885  00000-0  22187-2 0  9998,2 64157  97.6205 144.6853 0019337 163.3677 196.8186 15.01550217 46849
2026-04-01T22:10:42.564000,97.6207,0.00193384,0.00164653580000,1 64157U 25112M   26091.92410375  .00021387  00000-0  16465-2 0  9998,2 64157  97.6207 144.4237 0019338 164.1075 196.0760 15.01529898 46804
2026-04-01T20:34:44.817888,97.6208,0.00193420,0.00166680000000,1 64157U 25112M   26091.85746317  .00021650  00000-0  16668-2 0  9996,2 64157  97.6208 144.3582 0019342 164.3119 195.8709 15.01526983 46793
2026-04-01T12:34:55.956000,97.6210,0.00193560,0.00152720000000,1 64157U 25112M   26091.52425875  .00019818  00000-0  15272-2 0  9996,2 64157  97.6210 144.0309 0019356 165.3592 194.8197 15.01508539 46743
2026-04-01T04:35:06.711360,97.6212,0.00193060,0.00138980000000,1 64157U 25112M   26091.19104990  .00018016  00000-0  13898-2 0  9992,2 64157  97.6212 143.7040 0019306 166.3531 193.8220 15.01491154 46696
2026-04-01T04:35:06.711360,97.6212,0.00193062,0.00138981060000,1 64157U 25112M   26091.19104990  .00018016  00000-0  13898-2 0  9992,2 64157  97.6212 143.7040 0019306 166.3531 193.8220 15.01491154 46696
2026-03-31T22:11:15.172224,97.6214,0.00193129,0.00185610230000,1 64157U 25112M   26090.92448116  .00024094  00000-0  18561-2 0  9998,2 64157  97.6214 143.4424 0019313 167.1122 193.0600 15.01479356 46654
2026-03-31T20:35:17.227392,97.6215,0.00193190,0.00183350000000,1 64157U 25112M   26090.85783828  .00023797  00000-0  18335-2 0  9990,2 64157  97.6215 143.3769 0019319 167.3257 192.8457 15.01476057 46644
2026-03-30T17:23:50.386272,97.6225,0.00192537,0.00170717150000,1 64157U 25112M   26089.72488873  .00022108  00000-0  17072-2 0  9998,2 64157  97.6225 142.2646 0019254 170.5427 189.6163 15.01409847 46472
2026-03-30T09:21:39.963168,97.6021,0.00011880,0.00107210000000,1 64157U 25112M   26089.39004587  .00015448  00000-0  10721-2 0  9990,2 64157  97.6021 141.9401 0001188 105.2985 254.8373 15.05666049 46428
2026-03-30T09:21:39.963168,97.6021,0.00011884,0.00107207550000,1 64157U 25112M   26089.39004587  .00015448  00000-0  10721-2 0  9990,2 64157  97.6021 141.9401 0001188 105.2985 254.8373 15.05666049 46428
2026-03-30T02:58:47.354016,97.6023,0.00006950,0.00334960000000,1 64157U 25112M   26089.12415919  .00048778  00000-0  33496-2 0  9992,2 64157  97.6023 141.6766 0000695 125.5852 234.5440 15.05784161 46382
2026-03-30T02:58:47.354016,97.6023,0.00006945,0.00334957720000,1 64157U 25112M   26089.12415919  .00048778  00000-0  33496-2 0  9992,2 64157  97.6023 141.6766 0000695 125.5852 234.5440 15.05784161 46382
2026-03-29T04:39:04.269024,97.6027,0.00012030,0.00035134000000,1 64157U 25112M   26088.19379941  .00005013  00000-0  35134-3 0  9999,2 64157  97.6027 140.7595 0001203  95.6248 264.5115 15.05658161 46245
2026-03-28T22:16:16.370400,97.6028,0.00011903,0.00016507467000,1 64157U 25112M   26087.92796725  .00002322  00000-0  16507-3 0  9995,2 64157  97.6028 140.4975 0001190  96.3272 263.8090 15.05652003 46204
2026-03-28T20:40:34.378464,97.6028,0.00012280,0.00023568000000,1 64157U 25112M   26087.86150901  .00003342  00000-0  23568-3 0  9996,2 64157  97.6028 140.4320 0001228  95.9284 264.2082 15.05653780 46195
2026-03-28T14:17:46.381344,97.6028,0.00012022,0.00012619591000,1 64157U 25112M   26087.59567571  .00001761  00000-0  12620-3 0  9991,2 64157  97.6028 140.1700 0001202  96.0678 264.0686 15.05650953 46158
2026-03-28T11:06:22.343040,97.6029,0.00012000,0.00016979000000,1 64157U 25112M   26087.46275860  .00002390  00000-0  16979-3 0  9994,2 64157  97.6029 140.0389 0001200  95.9025 264.2338 15.05652511 46139
2026-03-28T04:43:34.296672,97.6028,0.00012350,0.00023059000000,1 64157U 25112M   26087.19692473  .00003269  00000-0  23059-3 0  9990,2 64157  97.6028 139.7770 0001235  95.4317 264.7050 15.05656327 46094
2026-03-28T04:43:34.296672,97.6028,0.00012346,0.00023059088000,1 64157U 25112M   26087.19692473  .00003269  00000-0  23059-3 0  9990,2 64157  97.6028 139.7770 0001235  95.4317 264.7050 15.05656327 46094
2026-03-27T20:45:04.398336,97.6029,0.00012290,0.00010566000000,1 64157U 25112M   26086.86463424  .00001464  00000-0  10566-3 0  9999,2 64157  97.6029 139.4495 0001229  95.8356 264.3011 15.05650616 46049
2026-03-27T20:45:04.398336,97.6029,0.00012295,0.00010566303000,1 64157U 25112M   26086.86463424  .00001464  00000-0  10566-3 0  9999,2 64157  97.6029 139.4495 0001229  95.8356 264.3011 15.05650616 46049
2026-03-27T17:33:40.389408,97.6028,0.00012220,0.00009505100000,1 64157U 25112M   26086.73171747  .00001311  00000-0  95051-4 0  9993,2 64157  97.6028 139.3185 0001222  95.6513 264.4854 15.05650542 46021
2026-03-27T14:22:16.290624,97.6029,0.00010844,0.00016666939000,1 64157U 25112M   26086.59879966  .00002345  00000-0  16667-3 0  9998,2 64157  97.6029 139.1877 0001084  94.2939 265.8411 15.05654387 46004
2026-03-27T06:23:46.319712,97.6029,0.00012505,0.00012495178000,1 64157U 25112M   26086.26650833  .00001743  00000-0  12495-3 0  9998,2 64157  97.6029 138.8599 0001250  98.2977 261.8392 15.05652777 45950
2026-03-27T04:48:04.318272,97.6031,0.00012200,0.00017165000000,1 64157U 25112M   26086.20004998  .00002417  00000-0  17165-3 0  9995,2 64157  97.6031 138.7945 0001220  97.1945 262.9421 15.05654989 45948
2026-03-26T14:26:46.366656,97.6028,0.00012067,0.00020474409000,1 64157U 25112M   26085.60192554  .00002895  00000-0  20474-3 0  9991,2 64157  97.6028 138.2047 0001207  92.6959 267.4406 15.05655543 45852
2026-03-26T14:26:46.365792,97.6028,0.00012070,0.00020474000000,1 64157U 25112M   26085.60192553  .00002895  00000-0  20474-3 0  9990,2 64157  97.6028 138.2047 0001207  92.6959 267.4406 15.05655543 45852
2026-03-26T03:16:52.374720,97.6026,0.00012424,0.00023005354000,1 64157U 25112M   26085.13671730  .00003261  00000-0  23005-3 0  9998,2 64157  97.6026 137.7462 0001242  95.3309 264.8060 15.05656709 45787
2026-03-26T03:16:52.373856,97.6026,0.00012420,0.00023005000000,1 64157U 25112M   26085.13671729  .00003261  00000-0  23005-3 0  9996,2 64157  97.6026 137.7462 0001242  95.3309 264.8060 15.05656709 45787
2026-03-25T20:54:04.499424,97.6025,0.00012282,0.00017735917000,1 64157U 25112M   26084.87088541  .00002500  00000-0  17736-3 0  9999,2 64157  97.6025 137.4841 0001228  94.7064 265.4303 15.05653747 45741
2026-03-25T14:31:16.505760,97.6025,0.00012293,0.00022480231000,1 64157U 25112M   26084.60505215  .00003185  00000-0  22480-3 0  9994,2 64157  97.6025 137.2222 0001229  94.4657 265.6711 15.05654620 45700
2026-03-25T14:31:16.504896,97.6025,0.00012290,0.00022480000000,1 64157U 25112M   26084.60505214  .00003185  00000-0  22480-3 0  9993,2 64157  97.6025 137.2222 0001229  94.4657 265.6711 15.05654620 45700
2026-03-24T20:58:34.649760,97.6024,0.00012225,0.00033867760000,1 64157U 25112M   26083.87401215  .00004830  00000-0  33868-3 0  9997,2 64157  97.6024 136.5015 0001223  92.7268 267.4099 15.05652881 45597
2026-03-24T09:48:40.707072,97.6024,0.00012020,0.00037858000000,1 64157U 25112M   26083.40880448  .00005406  00000-0  37858-3 0  9998,2 64157  97.6024 136.0428 0001202  91.1530 268.9834 15.05649652 45520
2026-03-24T03:25:52.696992,97.6024,0.00011818,0.00041826875000,1 64157U 25112M   26083.14297103  .00005979  00000-0  41827-3 0  9995,2 64157  97.6024 135.7807 0001182  90.6110 269.5253 15.05647819 45482
2026-03-23T21:03:04.639392,97.6022,0.00011620,0.00037721194000,1 64157U 25112M   26082.87713703  .00005386  00000-0  37721-3 0  9993,2 64157  97.6022 135.5186 0001162  90.5386 269.5974 15.05645664 45442
2026-03-23T09:53:10.306176,97.6036,0.00011340,0.00016650000000,1 64157U 25112M   26082.41192484  .00002342  00000-0  16650-3 0  9997,2 64157  97.6036 135.0603 0001134  92.5870 267.5486 15.05647277 45375
2026-03-22T21:07:34.107168,97.6027,0.00011695,-0.00003171616100,1 64157U 25112M   26081.88025587 -.00000518  00000-0 -31716-4 0  9992,2 64157  97.6027 134.5360 0001170  90.6429 269.4931 15.05643257 45299
2026-03-22T01:59:09.649248,97.6024,0.00011008,0.00034531653000,1 64157U 25112M   26081.08275057  .00004927  00000-0  34532-3 0  9997,2 64157  97.6024 133.7494 0001101  96.4740 263.6612 15.05662055 45175
2026-03-21T21:12:03.807360,97.6024,0.00011704,0.00039464066000,1 64157U 25112M   26080.88337740  .00005640  00000-0  39464-3 0  9994,2 64157  97.6024 133.5529 0001170  94.6949 265.4411 15.05660679 45143
2026-03-21T10:02:09.729888,97.6027,0.00010285,0.00044497458000,1 64157U 25112M   26080.41816817  .00006368  00000-0  44497-3 0  9990,2 64157  97.6027 133.0946 0001029  96.8471 263.2872 15.05662675 45078
2026-03-21T03:39:21.820896,97.6026,0.00010162,0.00045296715000,1 64157U 25112M   26080.15233589  .00006483  00000-0  45297-3 0  9997,2 64157  97.6026 132.8324 0001016  97.4136 262.7206 15.05661938 45037
2026-03-20T21:16:33.996576,97.6025,0.00010032,0.00034623799000,1 64157U 25112M   26079.88650459  .00004940  00000-0  34624-3 0  9992,2 64157  97.6025 132.5702 0001003  96.4886 263.6455 15.05658428 44990
2026-03-20T10:06:40.085856,97.6027,0.00009596,0.00019448085000,1 64157U 25112M   26079.42129729  .00002747  00000-0  19448-3 0  9993,2 64157  97.6027 132.1116 0000960  97.7005 262.4331 15.05653197 44926
2026-03-20T10:06:40.084992,97.6027,0.00009600,0.00019448000000,1 64157U 25112M   26079.42129728  .00002747  00000-0  19448-3 0  9992,2 64157  97.6027 132.1115 0000960  97.7005 262.4331 15.05653196 44924
2026-03-20T03:43:52.034304,97.6026,0.00009498,0.00020302157000,1 64157U 25112M   26079.15546336  .00002870  00000-0  20302-3 0  9998,2 64157  97.6026 131.8494 0000950  98.6090 261.5245 15.05653925 44881
2026-03-20T03:43:52.032576,97.6026,0.00009500,0.00020302000000,1 64157U 25112M   26079.15546334  .00002870  00000-0  20302-3 0  9996,2 64157  97.6026 131.8494 0000950  98.6090 261.5245 15.05653925 44881
2026-03-19T16:33:58.061376,97.6026,0.00009240,0.00020226000000,1 64157U 25112M   26078.69025534  .00002859  00000-0  20226-3 0  9990,2 64157  97.6026 131.3908 0000924  97.5519 262.5812 15.05653814 44812
2026-03-19T16:33:58.061376,97.6026,0.00009239,0.00020226079000,1 64157U 25112M   26078.69025534  .00002859  00000-0  20226-3 0  9990,2 64157  97.6026 131.3908 0000924  97.5519 262.5812 15.05653814 44812
2026-03-19T03:48:21.970368,97.6026,0.00009245,0.00016491624000,1 64157U 25112M   26078.15858762  .00002320  00000-0  16492-3 0  9991,2 64157  97.6026 130.8668 0000925  98.0237 262.1095 15.05654688 44733
2026-03-18T21:25:33.979296,97.6027,0.00008905,0.00021210344000,1 64157U 25112M   26077.89275439  .00003001  00000-0  21210-3 0  9996,2 64157  97.6027 130.6047 0000890  98.0156 262.1172 15.05656285 44690
2026-03-18T10:15:39.931200,97.6026,0.00009236,0.00025862149000,1 64157U 25112M   26077.42754550  .00003674  00000-0  25862-3 0  9994,2 64157  97.6026 130.1465 0000924  92.6066 267.5266 15.05657971 44625
2026-03-18T10:15:39.930336,97.6026,0.00009240,0.00025862000000,1 64157U 25112M   26077.42754549  .00003674  00000-0  25862-3 0  9992,2 64157  97.6026 130.1465 0000924  92.6066 267.5266 15.05657971 44625
2026-03-18T03:52:51.989376,97.6027,0.00009236,0.00028644934000,1 64157U 25112M   26077.16171284  .00004076  00000-0  28645-3 0  9991,2 64157  97.6027 129.8841 0000924  99.5742 260.5590 15.05658830 44589
2026-03-17T23:05:46.044672,97.6028,0.00009148,0.00024504561000,1 64157U 25112M   26076.96233848  .00003477  00000-0  24505-3 0  9998,2 64157  97.6028 129.6876 0000915 100.7561 259.3769 15.05656420 44554
2026-03-17T13:31:34.123296,97.6028,0.00008734,0.00029648678000,1 64157U 25112M   26076.56358939  .00004221  00000-0  29649-3 0  9995,2 64157  97.6028 129.2945 0000873 100.0211 260.1114 15.05656384 44491
2026-03-17T03:57:22.324608,97.6024,0.00011026,0.00040231917000,1 64157U 25112M   26076.16484172  .00005750  00000-0  40232-3 0  9999,2 64157  97.6024 128.9019 0001103  99.3660 260.7692 15.05654772 44430
2026-03-17T02:21:40.169376,97.6024,0.00009580,0.00023199000000,1 64157U 25112M   26076.09838159  .00003289  00000-0  23199-3 0  9997,2 64157  97.6024 128.8362 0000958  99.4626 260.6709 15.05655119 44423
2026-03-16T13:36:04.309920,97.6023,0.00009710,0.00024480000000,1 64157U 25112M   26075.56671655  .00003473  00000-0  24480-3 0  9993,2 64157  97.6023 128.3122 0000971  98.7621 261.3716 15.05652460 44346
2026-03-16T02:26:10.331808,97.6027,0.00011352,0.00029739058000,1 64157U 25112M   26075.10150847  .00004233  00000-0  29739-3 0  9995,2 64157  97.6027 127.8542 0001135  95.0011 265.1345 15.05654710 44278
2026-03-15T21:39:04.294656,97.6021,0.00010148,0.00007800010300,1 64157U 25112M   26074.90213304  .00001065  00000-0  78000-4 0  9996,2 64157  97.6021 127.6580 0001015 103.3941 256.7399 15.05649324 44241
2026-03-15T13:40:34.121568,97.6024,0.00006686,0.00035484461000,1 64157U 25112M   26074.56983937  .00005064  00000-0  35484-3 0  9995,2 64157  97.6024 127.3294 0000669  89.9474 270.1829 15.05656573 44193
2026-03-15T02:30:40.221216,97.6021,0.00010922,0.00051556981000,1 64157U 25112M   26074.10463219  .00007388  00000-0  51557-3 0  9991,2 64157  97.6021 126.8714 0001092  94.7818 265.3534 15.05657997 44121
2026-03-14T16:56:28.400064,97.6023,0.00012116,0.00051230470000,1 64157U 25112M   26073.70588426  .00007339  00000-0  51230-3 0  9998,2 64157  97.6023 126.4783 0001212  92.6598 267.4767 15.05652822 44067
2026-03-14T13:45:04.401504,97.6024,0.00012121,0.00050757593000,1 64157U 25112M   26073.57296761  .00007271  00000-0  50758-3 0  9990,2 64157  97.6024 126.3474 0001212  92.2500 267.8866 15.05651564 44047
2026-03-14T02:35:10.352544,97.6022,0.00012674,0.00047716690000,1 64157U 25112M   26073.10775871  .00006830  00000-0  47717-3 0  9994,2 64157  97.6022 125.8888 0001267  92.7615 267.3756 15.05646626 43977
2026-03-13T02:39:39.819456,97.6024,0.00013995,0.00043862799000,1 64157U 25112M   26072.11087754  .00006272  00000-0  43863-3 0  9998,2 64157  97.6024 124.9065 0001400  89.2263 270.9124 15.05638250 43822
2026-03-12T17:05:27.266496,97.6029,0.00013850,-0.00059224000000,1 64157U 25112M   26071.71212114 -.00008594  00000-0 -59224-3 0  9992,2 64157  97.6029 124.5135 0001385 109.4959 250.6417 15.05641113 43765
2026-03-12T17:05:27.266496,97.6029,0.00013851,-0.00059223600000,1 64157U 25112M   26071.71212114 -.00008594  00000-0 -59224-3 0  9992,2 64157  97.6029 124.5135 0001385 109.4959 250.6417 15.05641113 43765
2026-03-12T13:54:03.011328,97.6021,0.00009860,-0.00065382000000,1 64157U 25112M   26071.57920152 -.00009484  00000-0 -65382-3 0  9995,2 64157  97.6021 124.3823 0000986  94.1265 266.0075 15.05655958 43746
2026-03-12T13:54:03.011328,97.6021,0.00009863,-0.00065381509000,1 64157U 25112M   26071.57920152 -.00009484  00000-0 -65382-3 0  9995,2 64157  97.6021 124.3823 0000986  94.1265 266.0075 15.05655958 43746
2026-03-12T02:44:08.955456,97.6008,0.00010730,-0.00003395400000,1 64157U 25112M   26071.11399254 -.00000551  00000-0 -33954-4 0  9995,2 64157  97.6008 123.9254 0001073  94.7415 265.3934 15.05688998 43673
2026-03-12T02:44:08.955456,97.6008,0.00010733,-0.00003395425500,1 64157U 25112M   26071.11399254 -.00000551  00000-0 -33954-4 0  9995,2 64157  97.6008 123.9254 0001073  94.7415 265.3934 15.05688998 43673
2026-03-11T13:58:33.902976,97.6022,0.00011383,0.00183395590000,1 64157U 25112M   26070.58233684  .00026544  00000-0  18340-2 0  9997,2 64157  97.6022 123.3995 0001138  99.2186 260.9170 15.05711255 43599
2026-03-11T13:58:33.902112,97.6022,0.00011380,0.00183400000000,1 64157U 25112M   26070.58233683  .00026544  00000-0  18340-2 0  9996,2 64157  97.6022 123.3995 0001138  99.2186 260.9170 15.05711255 43599
2026-03-11T09:11:28.650336,97.6027,0.00020200,0.00178450000000,1 64157U 25112M   26070.38297049  .00025815  00000-0  17845-2 0  9999,2 64157  97.6027 123.2022 0002020 101.1755 258.9698 15.05698789 43565
2026-03-11T01:12:59.986656,97.6016,0.00014447,0.00063361049000,1 64157U 25112M   26070.05069429  .00009093  00000-0  63361-3 0  9997,2 64157  97.6016 122.8767 0001445 104.3235 255.8153 15.05650334 43513
2026-03-11T01:12:59.985792,97.6016,0.00014450,0.00063361000000,1 64157U 25112M   26070.05069428  .00009093  00000-0  63361-3 0  9996,2 64157  97.6016 122.8767 0001445 104.3235 255.8153 15.05650334 43513
2026-03-10T17:14:29.990688,97.6015,0.00014660,0.00062841000000,1 64157U 25112M   26069.71840267  .00009017  00000-0  62841-3 0  9993,2 64157  97.6015 122.5497 0001466 104.1108 256.0282 15.05644025 43469
2026-03-10T17:14:29.990688,97.6015,0.00014662,0.00062840858000,1 64157U 25112M   26069.71840267  .00009017  00000-0  62841-3 0  9993,2 64157  97.6015 122.5497 0001466 104.1108 256.0282 15.05644025 43469
2026-03-10T02:53:11.632992,97.6020,0.00014439,0.00039162590000,1 64157U 25112M   26069.12027353  .00005592  00000-0  39163-3 0  9996,2 64157  97.6020 121.9588 0001444  99.6371 260.5019 15.05634165 43377
2026-03-10T02:53:11.632128,97.6020,0.00014440,0.00039163000000,1 64157U 25112M   26069.12027352  .00005592  00000-0  39163-3 0  9995,2 64157  97.6020 121.9588 0001444  99.6371 260.5019 15.05634165 43377
2026-03-09T17:18:59.334912,97.6018,0.00017330,0.00015851000000,1 64157U 25112M   26068.72152008  .00002225  00000-0  15851-3 0  9995,2 64157  97.6018 121.5647 0001733  97.9633 262.1791 15.05623506 43315
2026-03-09T17:18:59.334912,97.6018,0.00017329,0.00015850684000,1 64157U 25112M   26068.72152008  .00002225  00000-0  15851-3 0  9995,2 64157  97.6018 121.5647 0001733  97.9633 262.1791 15.05623506 43315
2026-03-09T01:21:58.133376,97.6020,0.00019571,0.00048916357000,1 64157U 25112M   26068.05692284  .00007002  00000-0  48916-3 0  9992,2 64157  97.6020 120.9083 0001957  99.9636 260.1811 15.05634279 43217
2026-03-08T17:23:27.523968,97.6020,0.00014973,0.00013912001000,1 64157U 25112M   26067.72462412  .00001946  00000-0  13912-3 0  9992,2 64157  97.6020 120.5815 0001497 103.9742 256.1652 15.05634743 43167
2026-03-08T14:12:03.381984,97.6032,0.00013957,0.00079262821000,1 64157U 25112M   26067.59170581  .00011390  00000-0  79263-3 0  9995,2 64157  97.6032 120.4519 0001396 110.7498 249.3878 15.05635764 43148
2026-03-08T03:02:08.716992,97.6017,0.00018610,0.00008051100000,1 64157U 25112M   26067.12648978  .00001101  00000-0  80511-4 0  9992,2 64157  97.6017 119.9931 0001861  93.2460 266.8980 15.05644429 43071
2026-03-07T17:27:56.304000,97.6040,0.00016570,-0.00068776000000,1 64157U 25112M   26066.72773500 -.00009970  00000-0 -68776-3 0  9999,2 64157  97.6040 119.5970 0001657 102.5621 257.5791 15.05646197 43017
2026-03-07T17:27:56.304000,97.6040,0.00016568,-0.00068775676000,1 64157U 25112M   26066.72773500 -.00009970  00000-0 -68776-3 0  9999,2 64157  97.6040 119.5970 0001657 102.5621 257.5791 15.05646197 43017
2026-03-07T14:16:31.746432,97.6034,0.00010339,-0.00007131921700,1 64157U 25112M   26066.59481188 -.00001090  00000-0 -71319-4 0  9995,2 64157  97.6034 119.4699 0001034 107.7964 252.3376 15.05674884 42995
2026-03-07T03:06:38.085408,97.6023,0.00013490,0.00058974000000,1 64157U 25112M   26066.12960747  .00008467  00000-0  58974-3 0  9991,2 64157  97.6023 119.0087 0001349 119.1621 240.9741 15.05686236 42922
2026-03-07T03:06:38.085408,97.6023,0.00013489,0.00058974000000,1 64157U 25112M   26066.12960747  .00008467  00000-0  58974-3 0  9991,2 64157  97.6023 119.0087 0001349 119.1621 240.9741 15.05686236 42922
2026-03-06T14:21:03.071808,97.6035,0.00017083,0.00104990420000,1 64157U 25112M   26065.59795222  .00015137  00000-0  10499-2 0  9996,2 64157  97.6035 118.4838 0001708 115.5119 244.6285 15.05690681 42847
2026-03-06T01:35:28.106592,97.6029,0.00016028,0.00013206761000,1 64157U 25112M   26065.06629753  .00001846  00000-0  13207-3 0  9996,2 64157  97.6029 117.9613 0001603 118.3243 241.8146 15.05664487 42769
2026-03-05T17:36:58.223808,97.6021,0.00012546,0.00023132091000,1 64157U 25112M   26064.73400722  .00003280  00000-0  23132-3 0  9994,2 64157  97.6021 117.6345 0001255 117.3772 242.7583 15.05668132 42710
2026-03-05T17:36:58.222944,97.6021,0.00012550,0.00023132000000,1 64157U 25112M   26064.73400721  .00003280  00000-0  23132-3 0  9993,2 64157  97.6021 117.6345 0001255 117.3772 242.7583 15.05668132 42710
2026-03-05T16:01:16.269024,97.6025,0.00012980,0.00017454000000,1 64157U 25112M   26064.66754941  .00002460  00000-0  17454-3 0  9990,2 64157  97.6025 117.5683 0001298 117.6544 242.4815 15.05666703 42701
2026-03-05T14:25:34.221792,97.6041,0.00011041,0.00046400738000,1 64157U 25112M   26064.60109053  .00006645  00000-0  46401-3 0  9995,2 64157  97.6041 117.5040 0001104 115.1679 244.9663 15.05674652 42692
2026-03-05T06:27:04.527360,97.6030,0.00014717,0.00046173877000,1 64157U 25112M   26064.26880240  .00006612  00000-0  46174-3 0  9992,2 64157  97.6030 117.1757 0001472 113.4436 246.6945 15.05673897 42648
2026-03-05T03:15:40.732704,97.6037,0.00012300,0.00052010000000,1 64157U 25112M   26064.13588811  .00007456  00000-0  52010-3 0  9990,2 64157  97.6037 117.0457 0001230 109.4704 250.6655 15.05672949 42624
2026-03-04T14:30:05.232672,97.6044,0.00008690,0.00122140000000,1 64157U 25112M   26063.60422723  .00017618  00000-0  12214-2 0  9992,2 64157  97.6044 116.5214 0000869  99.4808 260.6517 15.05675945 42545
2026-03-04T14:30:05.232672,97.6044,0.00008687,0.00122138280000,1 64157U 25112M   26063.60422723  .00017618  00000-0  12214-2 0  9992,2 64157  97.6044 116.5214 0000869  99.4808 260.6517 15.05675945 42545
2026-03-04T03:20:11.860224,97.6049,0.00007970,0.00148210000000,1 64157U 25112M   26063.13902616  .00021391  00000-0  14821-2 0  9993,2 64157  97.6049 116.0628 0000797 101.0494 259.0823 15.05655483 42474
2026-03-03T22:33:05.677056,97.6047,0.00010434,0.00125652410000,1 64157U 25112M   26062.93964904  .00018117  00000-0  12565-2 0  9993,2 64157  97.6047 115.8662 0001043 149.7423 210.3864 15.05653441 42447
2026-03-03T16:10:18.091200,97.6041,0.00016280,0.00136160000000,1 64157U 25112M   26062.67382050  .00019633  00000-0  13616-2 0  9992,2 64157  97.6041 115.6054 0001628  83.3300 276.8112 15.05637045 42401
2026-03-03T14:34:35.719104,97.6023,0.00017752,0.00032255997000,1 64157U 25112M   26062.60735786  .00004596  00000-0  32256-3 0  9997,2 64157  97.6023 115.5380 0001775  88.2514 271.8917 15.05642174 42391
2026-03-03T03:24:41.492160,97.6045,0.00009560,-0.00088160000000,1 64157U 25112M   26062.14214690 -.00012743  00000-0 -88160-3 0  9992,2 64157  97.6045 115.0800 0000956  98.4548 261.6787 15.05605591 42324
2026-03-02T21:01:53.506272,97.6050,0.00037565,-0.00010319366000,1 64157U 25112M   26061.87631373 -.00001549  00000-0 -10319-3 0  9995,2 64157  97.6050 114.8187 0003757  45.2952 314.8580 15.05629978 42288
2026-03-02T17:50:27.770208,97.6044,0.00010190,0.00011684000000,1 64157U 25112M   26061.74337697  .00001625  00000-0  11684-3 0  9992,2 64157  97.6044 114.6864 0001019 100.2328 259.9014 15.05649865 42265
2026-03-02T14:39:03.626496,97.6048,0.00007501,0.00038698096000,1 64157U 25112M   26061.61045864  .00005528  00000-0  38698-3 0  9990,2 64157  97.6048 114.5555 0000750  99.4818 260.6493 15.05656498 42247
2026-03-02T09:51:57.640320,97.6042,0.00010500,0.00034381000000,1 64157U 25112M   26061.41108380  .00004905  00000-0  34381-3 0  9994,2 64157  97.6042 114.3585 0001050  96.2714 263.8632 15.05658947 42214
2026-03-02T03:29:09.701088,97.6043,0.00009770,0.00026070000000,1 64157U 25112M   26061.14525117  .00003703  00000-0  26070-3 0  9996,2 64157  97.6043 114.0966 0000977 102.3419 257.7917 15.05653346 42174
2026-03-01T16:19:15.749760,97.6045,0.00009172,0.00023318786000,1 64157U 25112M   26060.68004340  .00003306  00000-0  23319-3 0  9996,2 64157  97.6045 113.6380 0000917 101.1649 258.9681 15.05651515 42107
2026-03-01T16:19:15.748896,97.6045,0.00009170,0.00023319000000,1 64157U 25112M   26060.68004339  .00003306  00000-0  23319-3 0  9994,2 64157  97.6045 113.6380 0000917 101.1649 258.9681 15.05651515 42107
2026-03-01T03:33:39.736512,97.6048,0.00008590,0.00017327000000,1 64157U 25112M   26060.14837658  .00002440  00000-0  17327-3 0  9993,2 64157  97.6048 113.1138 0000859 100.5707 259.5616 15.05650167 42027
2026-03-01T03:33:39.736512,97.6048,0.00008595,0.00017327338000,1 64157U 25112M   26060.14837658  .00002440  00000-0  17327-3 0  9993,2 64157  97.6048 113.1138 0000859 100.5707 259.5616 15.05650167 42027
2026-02-28T22:46:33.656160,97.6045,0.00007952,0.00027495572000,1 64157U 25112M   26059.94900065  .00003909  00000-0  27496-3 0  9991,2 64157  97.6045 112.9174 0000795  97.5751 262.5566 15.05654633 41999
2026-02-28T16:23:45.680640,97.6049,0.00007720,0.00013533000000,1 64157U 25112M   26059.68316760  .00001892  00000-0  13533-3 0  9991,2 64157  97.6049 112.6553 0000772 100.0215 260.1098 15.05648480 41954
2026-02-28T10:00:57.528864,97.6047,0.00006530,0.00021908000000,1 64157U 25112M   26059.41733251  .00003102  00000-0  21908-3 0  9991,2 64157  97.6047 112.3933 0000653  97.6467 262.4834 15.05654194 41917
2026-02-28T03:38:09.583584,97.6047,0.00007995,0.00017796088000,1 64157U 25112M   26059.15149981  .00002508  00000-0  17796-3 0  9992,2 64157  97.6047 112.1311 0000799  99.5846 260.5471 15.05650288 41879
2026-02-28T03:38:09.582720,97.6047,0.00007990,0.00017796000000,1 64157U 25112M   26059.15149980  .00002508  00000-0  17796-3 0  9991,2 64157  97.6047 112.1311 0000799  99.5846 260.5471 15.05650288 41879
2026-02-27T21:15:21.373920,97.6061,0.00002205,0.00046913814000,1 64157U 25112M   26058.88566405  .00006716  00000-0  46914-3 0  9994,2 64157  97.6061 111.8696 0000221  98.7993 261.3259 15.05657046 41839
2026-02-27T18:03:57.328704,97.6065,0.00002130,0.00044442000000,1 64157U 25112M   26058.75274686  .00006359  00000-0  44442-3 0  9994,2 64157  97.6065 111.7381 0000213  53.4356 306.6890 15.05657645 41812
2026-02-27T10:05:27.476160,97.6022,0.00011360,0.00033558000000,1 64157U 25112M   26058.42045690  .00004785  00000-0  33558-3 0  9996,2 64157  97.6022 111.4082 0001136  78.3543 281.7811 15.05655968 41765
2026-02-27T03:42:39.460896,97.6063,0.00009416,0.00048787920000,1 64157U 25112M   26058.15462339  .00006987  00000-0  48788-3 0  9996,2 64157  97.6063 111.1504 0000942 103.8378 256.2953 15.05655021 41720
2026-02-27T03:42:39.460032,97.6063,0.00009420,0.00048788000000,1 64157U 25112M   26058.15462338  .00006987  00000-0  48788-3 0  9995,2 64157  97.6063 111.1504 0000942 103.8378 256.2953 15.05655021 41720
2026-02-26T13:21:21.132576,97.6055,0.00004350,0.00050901011000,1 64157U 25112M   26057.55649459  .00007294  00000-0  50901-3 0  9991,2 64157  97.6055 110.5589 0000435  82.9563 277.1713 15.05666481 41635
2026-02-26T13:21:21.131712,97.6055,0.00004350,0.00050901000000,1 64157U 25112M   26057.55649458  .00007294  00000-0  50901-3 0  9990,2 64157  97.6055 110.5589 0000435  82.9563 277.1713 15.05666481 41635
2026-02-26T03:47:09.435840,97.6047,0.00008360,0.00018234000000,1 64157U 25112M   26057.15774810  .00002571  00000-0  18234-3 0  9993,2 64157  97.6047 110.1661 0000836 101.6571 258.4750 15.05652997 41579
2026-02-26T03:47:09.435840,97.6047,0.00008355,0.00018234475000,1 64157U 25112M   26057.15774810  .00002571  00000-0  18234-3 0  9993,2 64157  97.6047 110.1661 0000836 101.6571 258.4750 15.05652997 41579
2026-02-25T13:25:51.257856,97.6022,0.00004330,0.00056749000000,1 64157U 25112M   26056.55962104  .00008140  00000-0  56749-3 0  9992,2 64157  97.6022 109.5722 0000433 355.1537   4.9685 15.05663973 41480
2026-02-25T13:25:51.257856,97.6022,0.00004330,0.00056749398000,1 64157U 25112M   26056.55962104  .00008140  00000-0  56749-3 0  9992,2 64157  97.6022 109.5722 0000433 355.1537   4.9685 15.05663973 41480
2026-02-25T02:15:57.475872,97.6052,0.00008731,0.00034726007000,1 64157U 25112M   26056.09441523  .00004954  00000-0  34726-3 0  9998,2 64157  97.6052 109.1186 0000873 102.8979 257.2345 15.05655771 41414
2026-02-25T02:15:57.475008,97.6052,0.00008730,0.00034726000000,1 64157U 25112M   26056.09441522  .00004954  00000-0  34726-3 0  9997,2 64157  97.6052 109.1186 0000873 102.8979 257.2345 15.05655771 41414
2026-02-24T02:20:27.548448,97.6040,0.00010322,0.00034003687000,1 64157U 25112M   26055.09754107  .00004849  00000-0  34004-3 0  9994,2 64157  97.6040 108.1345 0001032 113.5566 246.5769 15.05651623 41262
2026-02-23T13:34:51.354624,97.6033,0.00005529,0.00037351412000,1 64157U 25112M   26054.56587216  .00005333  00000-0  37351-3 0  9997,2 64157  97.6033 107.6104 0000553  88.3059 271.8231 15.05654344 41183
2026-02-23T13:34:51.353760,97.6033,0.00005530,0.00037351000000,1 64157U 25112M   26054.56587215  .00005333  00000-0  37351-3 0  9996,2 64157  97.6033 107.6104 0000553  88.3059 271.8231 15.05654344 41183
2026-02-23T02:24:57.270240,97.6036,0.00010440,0.00034466000000,1 64157U 25112M   26054.10066285  .00004917  00000-0  34466-3 0  9996,2 64157  97.6036 107.1519 0001044 107.7235 252.4105 15.05656415 41118
2026-02-23T02:24:57.270240,97.6036,0.00010444,0.00034465714000,1 64157U 25112M   26054.10066285  .00004917  00000-0  34466-3 0  9996,2 64157  97.6036 107.1519 0001044 107.7236 252.4105 15.05656415 41119
2026-02-22T16:50:45.298752,97.6032,0.00008570,0.00010950000000,1 64157U 25112M   26053.70191318  .00001520  00000-0  10950-3 0  9996,2 64157  97.6032 106.7590 0000857 114.6636 245.4680 15.05651742 41052
2026-02-22T16:50:45.298752,97.6032,0.00008569,0.00010950008000,1 64157U 25112M   26053.70191318  .00001520  00000-0  10950-3 0  9996,2 64157  97.6032 106.7590 0000857 114.6636 245.4680 15.05651743 41053
2026-02-22T02:29:27.283200,97.6028,0.00008510,0.00027109000000,1 64157U 25112M   26053.10378800  .00003854  00000-0  27109-3 0  9999,2 64157  97.6028 106.1689 0000851  99.7870 260.3453 15.05657303 40969
2026-02-21T16:55:15.400704,97.6026,0.00008898,0.00025528138000,1 64157U 25112M   26052.70503936  .00003625  00000-0  25528-3 0  9993,2 64157  97.6026 105.7762 0000890 105.8734 254.2591 15.05655134 40904
2026-02-21T16:55:15.399840,97.6026,0.00008900,0.00025528000000,1 64157U 25112M   26052.70503935  .00003625  00000-0  25528-3 0  9992,2 64157  97.6026 105.7762 0000890 105.8734 254.2591 15.05655134 40904
2026-02-21T13:43:51.384000,97.6027,0.00007920,0.00032510754000,1 64157U 25112M   26052.57212250  .00004634  00000-0  32511-3 0  9995,2 64157  97.6027 105.6446 0000792  97.9604 262.1713 15.05656981 40883
2026-02-21T02:33:57.462912,97.6026,0.00010093,0.00031945250000,1 64157U 25112M   26052.10691508  .00004552  00000-0  31945-3 0  9990,2 64157  97.6026 105.1866 0001009 103.2681 256.8658 15.05656359 40811
2026-02-21T02:33:57.462048,97.6026,0.00010090,0.00031945000000,1 64157U 25112M   26052.10691507  .00004552  00000-0  31945-3 0  9999,2 64157  97.6026 105.1866 0001009 103.2681 256.8658 15.05656359 40811
2026-02-20T16:59:45.499200,97.6025,0.00009680,0.00022380000000,1 64157U 25112M   26051.70816550  .00003170  00000-0  22380-3 0  9999,2 64157  97.6025 104.7932 0000968 106.9148 253.2185 15.05653331 40756
2026-02-20T16:59:45.499200,97.6025,0.00009676,0.00022379810000,1 64157U 25112M   26051.70816550  .00003170  00000-0  22380-3 0  9999,2 64157  97.6025 104.7932 0000968 106.9148 253.2185 15.05653331 40756
2026-02-20T02:38:27.551904,97.6025,0.00010065,0.00012709779000,1 64157U 25112M   26051.11004111  .00001774  00000-0  12710-3 0  9990,2 64157  97.6025 104.2029 0001007  88.3398 271.7944 15.05651244 40662
2026-02-20T02:38:27.551040,97.6025,0.00010070,0.00012710000000,1 64157U 25112M   26051.11004110  .00001774  00000-0  12710-3 0  9999,2 64157  97.6025 104.2029 0001007  88.3398 271.7944 15.05651244 40662
